{
	"graphics" :
	{
		"width" : 1024,
		"height" : 768,
		"fullscreen" : false,
	},
	"input" :
	{
		"activate-trigger-key" : "UpArrow",
		"next-screenshot-key" : "RightArrow",
		"previous-screenshot-key" : "LeftArrow",
		"reload-key" : "R",
		"take-screenshot-key" : "Q",
		"toggle-screenshot-viewing-mode-key" : "Tab",
	},
	"sound" :
	{
		"sounds" :
		{
			"jump" : "jump.wav",
			"walk" : "walk-no-effect.wav",
		},
		"music" :
		{
			"vega" : "Vega (DRAFT).ogg",
		},
		"events" :
		{
			"player-jumped" : "jump",
			"player-walk" : "walk"
		}
	},
	"player" : 
	{
		"animation-file": "Player.tmx",
		"jump-force" : 1000,
		"max-speed" : 5,
		"move-force" : 100,
		"climb-speed": 5,
	},
	"default-platform-move-speed": 1.5,
	"save-game-file" : "save.json",
	"screenshot-draw-margin" : 32
}
